"1","
<!-- rnb-source-begin eyJkYXRhIjoiYGBgclxubWRfcmFjZSA9IGdldF9kZWNlbm5pYWwoXG4gIGdlb2dyYXBoeSA9IFwiY291bnR5XCIsXG4gIHN0YXRlID0gXCJPUlwiLFxuICBjb3VudHkgPSBcIkxhbmVcIixcbiAgdmFyaWFibGVzID0gYyhcbiAgICBIaXNwYW5pYyA9IFwiUDJfMDAyTlwiLFxuICAgIFdoaXRlID0gXCJQMl8wMDVOXCIsXG4gICAgQmxhY2sgPSBcIlAyXzAwNk5cIixcbiAgICBBc2lhbiA9IFwiUDJfMDA4TlwiXG4gICksXG4gIHllYXIgPSAyMDIwLFxuICBnZW9tZXRyeSA9IFRSVUVcbilcbmBgYCJ9 -->

```r
md_race = get_decennial(
  geography = \"county\",
  state = \"OR\",
  county = \"Lane\",
  variables = c(
    Hispanic = \"P2_002N\",
    White = \"P2_005N\",
    Black = \"P2_006N\",
    Asian = \"P2_008N\"
  ),
  year = 2020,
  geometry = TRUE
)
```

<!-- rnb-source-end -->
"
"0","```r
md_race = get_decennial(
  geography = \"county\",
  state = \"OR\",
  county = \"Lane\",
  variables = c(
    Hispanic = \"P2_002N\",
    White = \"P2_005N\",
    Black = \"P2_006N\",
    Asian = \"P2_008N\"
  ),
  year = 2020,
  geometry = TRUE
)
```"
"1","Getting data from the 2020 decennial Census
Downloading feature geometry from the Census website.  To cache shapefiles for use in future sessions, set `options(tigris_use_cache = TRUE)`.
Using FIPS code '41' for state 'OR'
Using FIPS code '039' for 'Lane County'
Using the PL 94-171 Redistricting Data Summary File
"
"1","
  |                                                                                       
  |                                                                                 |   0%
  |                                                                                       
  |                                                                                 |   1%
  |                                                                                       
  |=                                                                                |   1%
  |                                                                                       
  |=                                                                                |   2%
  |                                                                                       
  |==                                                                               |   2%
  |                                                                                       
  |==                                                                               |   3%
  |                                                                                       
  |===                                                                              |   3%
  |                                                                                       
  |===                                                                              |   4%
  |                                                                                       
  |====                                                                             |   4%
  |                                                                                       
  |====                                                                             |   5%
  |                                                                                       
  |=====                                                                            |   6%
  |                                                                                       
  |=====                                                                            |   7%
  |                                                                                       
  |======                                                                           |   7%
  |                                                                                       
  |======                                                                           |   8%
  |                                                                                       
  |=======                                                                          |   8%
  |                                                                                       
  |=======                                                                          |   9%
  |                                                                                       
  |========                                                                         |   9%
  |                                                                                       
  |========                                                                         |  10%
  |                                                                                       
  |=========                                                                        |  11%
  |                                                                                       
  |=========                                                                        |  12%
  |                                                                                       
  |==========                                                                       |  12%
  |                                                                                       
  |==========                                                                       |  13%
  |                                                                                       
  |===========                                                                      |  13%
  |                                                                                       
  |===========                                                                      |  14%
  |                                                                                       
  |============                                                                     |  14%
  |                                                                                       
  |============                                                                     |  15%
  |                                                                                       
  |=============                                                                    |  15%
  |                                                                                       
  |=============                                                                    |  16%
  |                                                                                       
  |=============                                                                    |  17%
  |                                                                                       
  |==============                                                                   |  17%
  |                                                                                       
  |==============                                                                   |  18%
  |                                                                                       
  |===============                                                                  |  18%
  |                                                                                       
  |===============                                                                  |  19%
  |                                                                                       
  |================                                                                 |  19%
  |                                                                                       
  |================                                                                 |  20%
  |                                                                                       
  |=================                                                                |  20%
  |                                                                                       
  |=================                                                                |  21%
  |                                                                                       
  |=================                                                                |  22%
  |                                                                                       
  |==================                                                               |  22%
  |                                                                                       
  |==================                                                               |  23%
  |                                                                                       
  |===================                                                              |  23%
  |                                                                                       
  |===================                                                              |  24%
  |                                                                                       
  |====================                                                             |  24%
  |                                                                                       
  |====================                                                             |  25%
  |                                                                                       
  |=====================                                                            |  25%
  |                                                                                       
  |=====================                                                            |  26%
  |                                                                                       
  |=====================                                                            |  27%
  |                                                                                       
  |======================                                                           |  27%
  |                                                                                       
  |======================                                                           |  28%
  |                                                                                       
  |=======================                                                          |  28%
  |                                                                                       
  |=======================                                                          |  29%
  |                                                                                       
  |========================                                                         |  29%
  |                                                                                       
  |========================                                                         |  30%
  |                                                                                       
  |=========================                                                        |  30%
  |                                                                                       
  |=========================                                                        |  31%
  |                                                                                       
  |==========================                                                       |  31%
  |                                                                                       
  |==========================                                                       |  32%
  |                                                                                       
  |==========================                                                       |  33%
  |                                                                                       
  |===========================                                                      |  33%
  |                                                                                       
  |===========================                                                      |  34%
  |                                                                                       
  |============================                                                     |  34%
  |                                                                                       
  |============================                                                     |  35%
  |                                                                                       
  |=============================                                                    |  35%
  |                                                                                       
  |=============================                                                    |  36%
  |                                                                                       
  |==============================                                                   |  36%
  |                                                                                       
  |==============================                                                   |  37%
  |                                                                                       
  |==============================                                                   |  38%
  |                                                                                       
  |===============================                                                  |  38%
  |                                                                                       
  |===============================                                                  |  39%
  |                                                                                       
  |================================                                                 |  39%
  |                                                                                       
  |================================                                                 |  40%
  |                                                                                       
  |=================================                                                |  40%
  |                                                                                       
  |=================================                                                |  41%
  |                                                                                       
  |==================================                                               |  41%
  |                                                                                       
  |==================================                                               |  42%
  |                                                                                       
  |==================================                                               |  43%
  |                                                                                       
  |===================================                                              |  43%
  |                                                                                       
  |===================================                                              |  44%
  |                                                                                       
  |====================================                                             |  44%
  |                                                                                       
  |====================================                                             |  45%
  |                                                                                       
  |=====================================                                            |  45%
  |                                                                                       
  |=====================================                                            |  46%
  |                                                                                       
  |======================================                                           |  46%
  |                                                                                       
  |======================================                                           |  47%
  |                                                                                       
  |=======================================                                          |  48%
  |                                                                                       
  |=======================================                                          |  49%
  |                                                                                       
  |========================================                                         |  49%
  |                                                                                       
  |========================================                                         |  50%
  |                                                                                       
  |=========================================                                        |  50%
  |                                                                                       
  |=========================================                                        |  51%
  |                                                                                       
  |==========================================                                       |  51%
  |                                                                                       
  |==========================================                                       |  52%
  |                                                                                       
  |===========================================                                      |  53%
  |                                                                                       
  |===========================================                                      |  54%
  |                                                                                       
  |============================================                                     |  54%
  |                                                                                       
  |============================================                                     |  55%
  |                                                                                       
  |=============================================                                    |  55%
  |                                                                                       
  |=============================================                                    |  56%
  |                                                                                       
  |==============================================                                   |  56%
  |                                                                                       
  |==============================================                                   |  57%
  |                                                                                       
  |===============================================                                  |  58%
  |                                                                                       
  |===============================================                                  |  59%
  |                                                                                       
  |================================================                                 |  59%
  |                                                                                       
  |================================================                                 |  60%
  |                                                                                       
  |=================================================                                |  60%
  |                                                                                       
  |=================================================                                |  61%
  |                                                                                       
  |==================================================                               |  61%
  |                                                                                       
  |==================================================                               |  62%
  |                                                                                       
  |===================================================                              |  62%
  |                                                                                       
  |===================================================                              |  63%
  |                                                                                       
  |===================================================                              |  64%
  |                                                                                       
  |====================================================                             |  64%
  |                                                                                       
  |====================================================                             |  65%
  |                                                                                       
  |=====================================================                            |  65%
  |                                                                                       
  |=====================================================                            |  66%
  |                                                                                       
  |======================================================                           |  66%
  |                                                                                       
  |======================================================                           |  67%
  |                                                                                       
  |=======================================================                          |  67%
  |                                                                                       
  |=======================================================                          |  68%
  |                                                                                       
  |========================================================                         |  69%
  |                                                                                       
  |========================================================                         |  70%
  |                                                                                       
  |=========================================================                        |  70%
  |                                                                                       
  |=========================================================                        |  71%
  |                                                                                       
  |==========================================================                       |  71%
  |                                                                                       
  |==========================================================                       |  72%
  |                                                                                       
  |===========================================================                      |  72%
  |                                                                                       
  |===========================================================                      |  73%
  |                                                                                       
  |============================================================                     |  74%
  |                                                                                       
  |============================================================                     |  75%
  |                                                                                       
  |=============================================================                    |  75%
  |                                                                                       
  |=============================================================                    |  76%
  |                                                                                       
  |==============================================================                   |  76%
  |                                                                                       
  |==============================================================                   |  77%
  |                                                                                       
  |===============================================================                  |  77%
  |                                                                                       
  |===============================================================                  |  78%
  |                                                                                       
  |================================================================                 |  78%
  |                                                                                       
  |================================================================                 |  79%
  |                                                                                       
  |================================================================                 |  80%
  |                                                                                       
  |=================================================================                |  80%
  |                                                                                       
  |=================================================================                |  81%
  |                                                                                       
  |==================================================================               |  81%
  |                                                                                       
  |==================================================================               |  82%
  |                                                                                       
  |===================================================================              |  82%
  |                                                                                       
  |===================================================================              |  83%
  |                                                                                       
  |====================================================================             |  83%
  |                                                                                       
  |====================================================================             |  84%
  |                                                                                       
  |=====================================================================            |  85%
  |                                                                                       
  |=====================================================================            |  86%
  |                                                                                       
  |======================================================================           |  86%
  |                                                                                       
  |======================================================================           |  87%
  |                                                                                       
  |=======================================================================          |  87%
  |                                                                                       
  |=======================================================================          |  88%
  |                                                                                       
  |========================================================================         |  88%
  |                                                                                       
  |========================================================================         |  89%
  |                                                                                       
  |=========================================================================        |  90%
  |                                                                                       
  |=========================================================================        |  91%
  |                                                                                       
  |==========================================================================       |  91%
  |                                                                                       
  |==========================================================================       |  92%
  |                                                                                       
  |===========================================================================      |  92%
  |                                                                                       
  |===========================================================================      |  93%
  |                                                                                       
  |============================================================================     |  93%
  |                                                                                       
  |============================================================================     |  94%
  |                                                                                       
  |=============================================================================    |  94%
  |                                                                                       
  |=============================================================================    |  95%
  |                                                                                       
  |=============================================================================    |  96%
  |                                                                                       
  |==============================================================================   |  96%
  |                                                                                       
  |==============================================================================   |  97%
  |                                                                                       
  |===============================================================================  |  97%
  |                                                                                       
  |===============================================================================  |  98%
  |                                                                                       
  |================================================================================ |  98%
  |                                                                                       
  |================================================================================ |  99%
  |                                                                                       
  |=================================================================================|  99%
  |                                                                                       
  |=================================================================================| 100%
"
"1","Note: 2020 decennial Census data use differential privacy, a technique that
introduces errors into data to preserve respondent confidentiality.
ℹ Small counts should be interpreted with caution.
ℹ See https://www.census.gov/library/fact-sheets/2021/protecting-the-confidentiality-of-the-2020-census-redistricting-data.html for additional guidance.
"
